{
    "halo": {
        "halo_1": {
            "x": 1.163903640902022,
            "y": 0,
            "z": -0.1142905699686164,
            "x_dot": 0,
            "y_dot": -0.2034096099100265,
            "z_dot": 0,
            "C": 3.101133394589874,
            "T": 3.299287419726481
        }
    }
}
