{
    "halo":
    {
        "halo_1":
        {
            "x": 1.057222,
            "y": 0,
            "z": 0.30072,
            "x_dot": 0,
            "y_dot": -0.238026,
            "z_dot": 0,
            "C": 3.001826897827199,
            "T": 2.038774257964554,
            "l_1_re": -14.0763,
            "l_1_im": 0,
            "l_2_re": 0.567917,
            "l_2_im": 0.823086,
            "l_3_re": 0.567917,
            "l_3_im": -0.823086,
            "l_4_re": -0.988117,
            "l_4_im": 0.153705,
            "l_5_re": -0.988117,
            "l_5_im": -0.153705,
            "l_6_re": -0.0710416,
            "l_6_im": 0
        },
        "halo_2":
        {
            "x": 1.092791,
            "y": 0,
            "z": 0.309254,
            "x_dot": 0,
            "y_dot": -0.28114,
            "z_dot": 0,
            "C": 2.987944650133755,
            "T": 2.415974914143757,
            "l_1_re": -18.8015,
            "l_1_im": 0,
            "l_2_re": 0.560833,
            "l_2_im": 0.827929,
            "l_3_re": 0.560833,
            "l_3_im": -0.827929,
            "l_4_re": -0.894901,
            "l_4_im": 0.446265,
            "l_5_re": -0.894901,
            "l_5_im": -0.446265,
            "l_6_re": -0.0531874,
            "l_6_im": 0
        },
        "halo_3":
        {
            "x": 1.140216,
            "y": 0,
            "z": 0.298898,
            "x_dot": 0,
            "y_dot": -0.316028,
            "z_dot": 0,
            "C": 3.006461435312049,
            "T": 2.874100554270958,
            "l_1_re": -15.849,
            "l_1_im": 0,
            "l_2_re": 1.78753,
            "l_2_im": 0,
            "l_3_re": 0.559432,
            "l_3_im": 0,
            "l_4_re": -1.35007,
            "l_4_im": 0,
            "l_5_re": -0.0630956,
            "l_5_im": 0,
            "l_6_re": -0.740703,
            "l_6_im": 0
        },
        "halo_4":
        {
            "x": 1.173414,
            "y": 0,
            "z": 0.2729,
            "x_dot": 0,
            "y_dot": -0.32472,
            "z_dot": 0,
            "C": 3.046129838882928,
            "T": 3.130935569342519,
            "l_1_re": 19.1546,
            "l_1_im": 0,
            "l_2_re": -2.45775,
            "l_2_im": 0,
            "l_3_re": 0.0248942,
            "l_3_im": 0.99969,
            "l_4_re": 0.0248942,
            "l_4_im": -0.99969,
            "l_5_re": -0.406876,
            "l_5_im": 0,
            "l_6_re": 0.0522068,
            "l_6_im": 0
        },
        "halo_5":
        {
            "x": 1.220839,
            "y": 0,
            "z": 0.200987,
            "x_dot": 0,
            "y_dot": -0.310434,
            "z_dot": 0,
            "C": 3.140833558452219,
            "T": 3.412450878793673,
            "l_1_re": 228.683,
            "l_1_im": 0,
            "l_2_re": -0.568328,
            "l_2_im": 0.822802,
            "l_3_re": -0.568328,
            "l_3_im": -0.822802,
            "l_4_re": 0.862863,
            "l_4_im": 0.505437,
            "l_5_re": 0.862863,
            "l_5_im": -0.505437,
            "l_6_re": 0.00437286,
            "l_6_im": 0
        },
        "halo_6":
        {
            "x": 1.258203,
            "y": 0,
            "z": 0.05,
            "x_dot": 0,
            "y_dot": -0.25041,
            "z_dot": 0,
            "C": 3.262821620125508,
            "T": 3.610764643207876,
            "l_1_re": 952.022,
            "l_1_im": 0,
            "l_2_re": 0.148082,
            "l_2_im": 0.988975,
            "l_3_re": 0.148082,
            "l_3_im": -0.988975,
            "l_4_re": 0.0010504,
            "l_4_im": 0,
            "l_5_re": 1.04372,
            "l_5_im": 0,
            "l_6_re": 0.958113,
            "l_6_im": 0
        }
    }
}
