{
    "halo":
    {
        "halo_1":
        {
            "x": 0.723268,
            "y": 0,
            "z": 0.04,
            "x_dot": 0,
            "y_dot": 0.198019,
            "z_dot": 0,
            "C": 3.329168774461646,
            "T": 2.58361797855743,
            "l_1_re": 2237.6,
            "l_1_im": 0,
            "l_2_re": -1.85534,
            "l_2_im": 0,
            "l_3_re": 0.000446908,
            "l_3_im": 0,
            "l_4_re": 0.983504,
            "l_4_im": 0.180886,
            "l_5_re": 0.983504,
            "l_5_im": -0.180886,
            "l_6_re": -0.538984,
            "l_6_im": 0
        },
        "halo_2":
        {
            "x": 0.729988,
            "y": 0,
            "z": 0.215589,
            "x_dot": 0,
            "y_dot": 0.397259,
            "z_dot": 0,
            "C": 3.030033251885527,
            "T": 2.678058404803021,
            "l_1_re": 109.972,
            "l_1_im": 0,
            "l_2_re": -2.56374,
            "l_2_im": 2.86489,
            "l_3_re": -2.56374,
            "l_3_im": -2.86489,
            "l_4_re": 0.00909325,
            "l_4_im": 0,
            "l_5_re": -0.173456,
            "l_5_im": 0.193831,
            "l_6_re": -0.173456,
            "l_6_im": -0.193831
        },
        "halo_3":
        {
            "x": 0.7537,
            "y": 0,
            "z": 0.267595,
            "x_dot": 0,
            "y_dot": 0.399909,
            "z_dot": 0,
            "C": 2.937177932852306,
            "T": 2.412579724370073,
            "l_1_re": 35.7136,
            "l_1_im": 0,
            "l_2_re": -7.61214,
            "l_2_im": 0,
            "l_3_re": -0.688367,
            "l_3_im": 0.725363,
            "l_4_re": -0.688367,
            "l_4_im": -0.725363,
            "l_5_re": -0.131369,
            "l_5_im": 0,
            "l_6_re": 0.0280006,
            "l_6_im": 0
        },
        "halo_4":
        {
            "x": 0.777413,
            "y": 0,
            "z": 0.284268,
            "x_dot": 0,
            "y_dot": 0.36187,
            "z_dot": 0,
            "C": 2.928754269860486,
            "T": 2.196474984112821,
            "l_1_re": 19.0658,
            "l_1_im": 0,
            "l_2_re": -8.03282,
            "l_2_im": 0,
            "l_3_re": -0.4834,
            "l_3_im": 0.875399,
            "l_4_re": -0.4834,
            "l_4_im": -0.875399,
            "l_5_re": 0.0524498,
            "l_5_im": 0,
            "l_6_re": -0.124489,
            "l_6_im": 0
        },
        "halo_5":
        {
            "x": 0.801125,
            "y": 0,
            "z": 0.299382,
            "x_dot": 0,
            "y_dot": 0.312474,
            "z_dot": 0,
            "C": 2.930699480562869,
            "T": 2.032741484464577,
            "l_1_re": 10.6571,
            "l_1_im": 0,
            "l_2_re": -7.84062,
            "l_2_im": 0,
            "l_3_re": 0.0938338,
            "l_3_im": 0,
            "l_4_re": -0.127541,
            "l_4_im": 0,
            "l_5_re": -0.583776,
            "l_5_im": 0.811915,
            "l_6_re": -0.583776,
            "l_6_im": -0.811915
        },
        "halo_6":
        {
            "x": 0.817724,
            "y": 0,
            "z": 0.313788,
            "x_dot": 0,
            "y_dot": 0.271306,
            "z_dot": 0,
            "C": 2.929482170347573,
            "T": 1.957021996259428,
            "l_1_re": 7.33509,
            "l_1_im": 0,
            "l_2_re": -7.66369,
            "l_2_im": 0,
            "l_3_re": -0.808018,
            "l_3_im": 0.589158,
            "l_4_re": -0.808018,
            "l_4_im": -0.589158,
            "l_5_re": 0.136331,
            "l_5_im": 0,
            "l_6_re": -0.130485,
            "l_6_im": 0
        }
    }
}
