{
    "halo":
    {
        "halo_1":
        {
            "x": 0.268434,
            "y": 0,
            "z": 1.812789,
            "x_dot": 0,
            "y_dot": -0.194347,
            "z_dot": 0,
            "C": 1.119654483804709,
            "T": 5.608870410856437,
            "l_1_re": 1.1062e+09,
            "l_1_im": 0,
            "l_2_re": 20.4209,
            "l_2_im": 0,
            "l_3_re": 4.0801,
            "l_3_im": 0,
            "l_4_re": 0.0489685,
            "l_4_im": 0,
            "l_5_re": 0.245094,
            "l_5_im": 0,
            "l_6_re": 8.29815e-07,
            "l_6_im": 0
        },
        "halo_2":
        {
            "x": 0.52835,
            "y": 0,
            "z": 1.7979,
            "x_dot": 0,
            "y_dot": -0.391878,
            "z_dot": 0,
            "C": 1.187098776420701,
            "T": 5.907750859235691,
            "l_1_re": 2.49322e+07,
            "l_1_im": 0,
            "l_2_re": 17.1845,
            "l_2_im": 0,
            "l_3_re": 2.71789,
            "l_3_im": 0,
            "l_4_re": 0.367932,
            "l_4_im": 0,
            "l_5_re": 0.058192,
            "l_5_im": 0,
            "l_6_re": 4.70972e-09,
            "l_6_im": 0
        },
        "halo_3":
        {
            "x": 0.801947,
            "y": 0,
            "z": 1.675254,
            "x_dot": 0,
            "y_dot": -0.598423,
            "z_dot": 0,
            "C": 1.356591681147542,
            "T": 6.026238276688161,
            "l_1_re": 1.64209e+06,
            "l_1_im": 0,
            "l_2_re": 9.27781,
            "l_2_im": 0,
            "l_3_re": 2.55201,
            "l_3_im": 0,
            "l_4_re": 0.391848,
            "l_4_im": 0,
            "l_5_re": 0.107784,
            "l_5_im": 0,
            "l_6_re": 6.09426e-07,
            "l_6_im": 0
        },
        "halo_4":
        {
            "x": 1.212341,
            "y": 0,
            "z": 1.311769,
            "x_dot": 0,
            "y_dot": -0.9045609999999999,
            "z_dot": 0,
            "C": 1.770104165834539,
            "T": 6.141311342191116,
            "l_1_re": 72607.6,
            "l_1_im": 0,
            "l_2_re": 4.91562,
            "l_2_im": 0,
            "l_3_re": 0.270858,
            "l_3_im": 0.962619,
            "l_4_re": 0.270858,
            "l_4_im": -0.962619,
            "l_5_re": 0.203433,
            "l_5_im": 0,
            "l_6_re": 1.37728e-05,
            "l_6_im": 0
        },
        "halo_5":
        {
            "x": 1.485937,
            "y": 0,
            "z": 0.86949,
            "x_dot": 0,
            "y_dot": -1.108238,
            "z_dot": 0,
            "C": 2.151767292210933,
            "T": 6.221497831003514,
            "l_1_re": 8813.47,
            "l_1_im": 0,
            "l_2_re": 4.10147,
            "l_2_im": 0,
            "l_3_re": -0.64407,
            "l_3_im": 0.764967,
            "l_4_re": -0.64407,
            "l_4_im": -0.764967,
            "l_5_re": 0.243815,
            "l_5_im": 0,
            "l_6_re": 0.000113463,
            "l_6_im": 0
        },
        "halo_6":
        {
            "x": 1.67094,
            "y": 0,
            "z": 0.1,
            "x_dot": 0,
            "y_dot": -1.246284,
            "z_dot": 0,
            "C": 2.470525114681221,
            "T": 6.233462603145556,
            "l_1_re": 745.669,
            "l_1_im": 0,
            "l_2_re": 1.99455,
            "l_2_im": 0,
            "l_3_re": -0.972366,
            "l_3_im": 0.233463,
            "l_4_re": -0.972366,
            "l_4_im": -0.233463,
            "l_5_re": 0.501365,
            "l_5_im": 0,
            "l_6_re": 0.00134108,
            "l_6_im": 0
        }
    }
}
