{
    "near_vertical":
        {
        "near_vertical_1": 
        {
            "x": 1.0608,
            "y": 0.0,
            "z": 0.0,
            "x_dot": 0.0,
            "y_dot": -2.1006999999999998,
            "z_dot": 0.082000000000000003
        },
        "near_vertical_2":
        {
            "x": 1.0608,
            "y": 0.0,
            "z": 0.0,
            "x_dot": 0.0,
            "y_dot": -2.0859999999999999,
            "z_dot": 0.192
        },
        "near_vertical_3":
        {
            "x": 1.0609,
            "y": 0.0,
            "z": 0.0,
            "x_dot": 0.0,
            "y_dot": -2.0638999999999998,
            "z_dot": 0.2853
        },
        "near_vertical_4":
        {
            "x": 1.0610999999999999,
            "y": 0.0,
            "z": 0.0,
            "x_dot": 0.0,
            "y_dot": -2.0306000000000002,
            "z_dot": 0.38269999999999998
        },
        "near_vertical_5":
        {
            "x": 1.0612999999999999,
            "y": 0.0,
            "z": 0.0,
            "x_dot": 0.0,
            "y_dot": -1.9891000000000001,
            "z_dot": 0.47399999999999998
        },
        "near_vertical_6":
        {
            "x": 1.0616000000000001,
            "y": 0.0,
            "z": 0.0,
            "x_dot": 0.0,
            "y_dot": -1.9371,
            "z_dot": 0.56340000000000001
        },
        "near_vertical_7":
        {
            "x": 1.0619000000000001,
            "y": 0.0,
            "z": 0.0,
            "x_dot": 0.0,
            "y_dot": -1.8721000000000001,
            "z_dot": 0.65249999999999997
        },
        "near_vertical_8":
        {
            "x": 1.0624,
            "y": 0.0,
            "z": 0.0,
            "x_dot": 0.0,
            "y_dot": -1.8,
            "z_dot": 0.73209999999999997
        },
        "near_vertical_9": {
            "x": 1.0629,
            "y": 0.0,
            "z": 0.0,
            "x_dot": 0.0,
            "y_dot": -1.7198,
            "z_dot": 0.80379999999999996
        },
        "near_vertical_10": 
        {
            "x": 1.0636000000000001,
            "y": 0.0,
            "z": 0.0,
            "x_dot": 0.0,
            "y_dot": -1.6307,
            "z_dot": 0.86770000000000003
        },
        "near_vertical_11": 
        {
            "x": 1.0644,
            "y": 0.0,
            "z": 0.0,
            "x_dot": 0.0,
            "y_dot": -1.5317000000000001,
            "z_dot": 0.9234},
        "near_vertical_12": {
            "x": 1.0653999999999999,
            "y": 0.0,
            "z": 0.0,
            "x_dot": 0.0,
            "y_dot": -1.4217,
            "z_dot": 0.96940000000000004
        },
        "near_vertical_13":
        {
            "x": 1.0665,
            "y": 0.0,
            "z": 0.0,
            "x_dot": 0.0,
            "y_dot": -1.3117000000000001,
            "z_dot": 1.0008999999999999
        },
        "near_vertical_14":
        {
            "x": 1.0679000000000001,
            "y": 0.0,
            "z": 0.0,
            "x_dot": 0.0,
            "y_dot": -1.2017,
            "z_dot": 1.0192000000000001
        },
        "near_vertical_15":
        {
            "x": 1.0693999999999999,
            "y": 0.0,
            "z": 0.0,
            "x_dot": 0.0,
            "y_dot": -1.0916999999999999,
            "z_dot": 1.0247999999999999
        },
        "near_vertical_16":
        {
            "x": 1.0712999999999999,
            "y": 0.0,
            "z": 0.0,
            "x_dot": 0.0,
            "y_dot": -0.98170000000000002,
            "z_dot": 1.0179},
        "near_vertical_17":
        {
            "x": 1.0734999999999999,
            "y": 0.0,
            "z": 0.0,
            "x_dot": 0.0,
            "y_dot": -0.87170000000000003,
            "z_dot": 0.99780000000000002
        },
        "near_vertical_18":
        {
            "x": 1.0762,
            "y": 0.0,
            "z": 0.0,
            "x_dot": 0.0,
            "y_dot": -0.76170000000000004,
            "z_dot": 0.96350000000000002
        },
        "near_vertical_19":
        {
            "x": 1.0795999999999999,
            "y": 0.0,
            "z": 0.0,
            "x_dot": 0.0,
            "y_dot": -0.65169999999999995,
            "z_dot": 0.91279999999999994
        },
        "near_vertical_20":
        {
            "x": 1.0842000000000001,
            "y": 0.0,
            "z": 0.0,
            "x_dot": 0.0,
            "y_dot": -0.54169999999999996,
            "z_dot": 0.84150000000000003
        },
        "near_vertical_21":
        {
            "x": 1.0906,
            "y": 0.0,
            "z": 0.0,
            "x_dot": 0.0,
            "y_dot": -0.43169999999999997,
            "z_dot": 0.74160000000000004
        },
        "near_vertical_22":
        {
            "x": 1.1000000000000001,
            "y": 0.0,
            "z": 0.0,
            "x_dot": 0.0,
            "y_dot": -0.32488333937546859,
            "z_dot": -0.60223543567673155
        },
        "near_vertical_23":
        {
            "x": 1.1003000000000001,
            "y": 0.0,
            "z": 0.0,
            "x_dot": 0.0,
            "y_dot": -0.32169999999999999,
            "z_dot": 0.59730000000000005
        },
        "near_vertical_24":
        {
            "x": 1.1119000000000001,
            "y": 0.0,
            "z": 0.0,
            "x_dot": 0.0,
            "y_dot": -0.1812,
            "z_dot": 0.43580000000000002
        },
        "near_vertical_25":
        {
            "x": 1.1155999999999999,
            "y": 0.0,
            "z": 0.0,
            "x_dot": 0.0,
            "y_dot": -0.14867456307014371,
            "z_dot": -0.40899984470415651
        },
        "near_vertical_26":
        {
            "x": 1.1399999999999999,
            "y": 0.0,
            "z": 0.0,
            "x_dot": 0.0,
            "y_dot": -0.040160048339083633,
            "z_dot": -0.24655287169068621
        },
        "near_vertical_27":
        {
            "x": 1.1556,
            "y": 0.0,
            "z": 0.0,
            "x_dot": 0.0,
            "y_dot": -0.0001846618174741777,
            "z_dot": -0.017727073672575339
        },
        "near_vertical_28":
        {
            "x": 1.1556500000000001,
            "y": 0.0,
            "z": 0.0,
            "x_dot": 0.0,
            "y_dot": -7.2207248030235478e-05,
            "z_dot": -0.011088680263165779
        }
    }
}
