{
    "halo":
    {
        "halo_1":
        {
            "x": 1.142261858299413,
            "y": 0,
            "z": -0.1598996256154937,
            "x_dot": 0,
            "y_dot": -0.2225451665236504,
            "z_dot": 0,
            "C": 3.059807196395916,
            "T": 3.145470315362336
        },
        "halo_2":
        {
            "x": 1.158020502197323,
            "y": 0,
            "z": -0.1295203888522515,
            "x_dot": 0,
            "y_dot": -0.210962748961651,
            "z_dot": 0,
            "C": 3.088276645289839,
            "T": 3.261935401356425
        },
        "halo_3":
        {
            "x": 1.163903640902022,
            "y": 0,
            "z": -0.1142905699686164,
            "x_dot": 0,
            "y_dot": -0.2034096099100265,
            "z_dot": 0,
            "C": 3.101133394589874,
            "T": 3.299287419726481
        },
        "halo_4":
        {
            "x": 1.17241782809428,
            "y": 0,
            "z": -0.08458726611264449,
            "x_dot": 0,
            "y_dot": -0.1870972675485918,
            "z_dot": 0,
            "C": 3.122879416605939,
            "T": 3.362799385984083
        },
        "halo_5":
        {
            "x": 1.174748517187807,
            "y": 0,
            "z": -0.07334481901042827,
            "x_dot": 0,
            "y_dot": -0.180838807243874,
            "z_dot": 0,
            "C": 3.129787526372845,
            "T": 3.380116446272957
        },
        "halo_6":
        {
            "x": 1.174485405801615,
            "y": 0,
            "z": -0.0747305941918939,
            "x_dot": 0,
            "y_dot": -0.1816018376338207,
            "z_dot": 0,
            "C": 3.128979039186531,
            "T": 3.379141446990966
        },
        "halo_7":
        {
            "x": 1.179523273252473,
            "y": 0,
            "z": -0.03664790728883335,
            "x_dot": 0,
            "y_dot": -0.1631793608805886,
            "z_dot": 0,
            "C": 3.146311447013247,
            "T": 3.411531732321787
        },
        "halo_8":
        {
            "x": 1.180066045533264,
            "y": 0,
            "z": -0.0287826853630177,
            "x_dot": 0,
            "y_dot": -0.1604821162900705,
            "z_dot": 0,
            "C": 3.148514872436161,
            "T": 3.441746362807434
        },
        "halo_9":
        {
            "x": 1.180614464426704,
            "y": 0,
            "z": -0.01698561329777701,
            "x_dot": 0,
            "y_dot": -0.1575073230995181,
            "z_dot": 0,
            "C": 3.150856037437856,
            "T": 3.431182940030926
        }
    },
    "near_vertical":
    {
        "near_vertical_1":
        {
            "x": 1.0895,
            "y": 0,
            "z": 0,
            "x_dot": 0,
            "y_dot": -0.44739956244481,
            "z_dot": -0.75816977672974,
            "C": 2.444486926533368,
            "T": 6.044079944064835
        },
        "near_vertical_2":
        {
            "x": 1.090605,
            "y": 0,
            "z": 0,
            "x_dot": 0,
            "y_dot": -0.43139299411313,
            "z_dot": -0.74130608519255,
            "C": 2.481881211188731,
            "T": 6.024397244979058
        },
        "near_vertical_3":
        {
            "x": 1.091,
            "y": 0,
            "z": 0,
            "x_dot": 0,
            "y_dot": -0.4259096246833,
            "z_dot": -0.73531457976208,
            "C": 2.4947439002,
            "T": 6.019130153670813
        },
        "near_vertical_4":
        {
            "x": 1.0925,
            "y": 0,
            "z": 0,
            "x_dot": 0,
            "y_dot": -0.40611319460483,
            "z_dot": -0.71271222287029,
            "C": 2.541410316381856,
            "T": 5.977002931787078
        },
        "near_vertical_5":
        {
            "x": 1.094,
            "y": 0,
            "z": 0,
            "x_dot": 0,
            "y_dot": -0.38779913979206,
            "z_dot": -0.69035811367058,
            "C": 2.584887503778499,
            "T": 5.938475071478666
        },
        "near_vertical_6":
        {
            "x": 1.0955,
            "y": 0,
            "z": 0,
            "x_dot": 0,
            "y_dot": -0.37075237032108,
            "z_dot": -0.66821030286696,
            "C": 2.625583232336253,
            "T": 5.893868344518094
        },
        "near_vertical_7":
        {
            "x": 1.097,
            "y": 0,
            "z": 0,
            "x_dot": 0,
            "y_dot": -0.3547421980661,
            "z_dot": -0.64619749153755,
            "C": 2.663906612735705,
            "T": 5.837098064501355
        },
        "near_vertical_8":
        {
            "x": 1.098,
            "y": 0,
            "z": 0,
            "x_dot": 0,
            "y_dot": -0.12471226826048,
            "z_dot": -0.47142570862298,
            "C": 2.968093734596875,
            "T": 4.438788286436454
        },
        "near_vertical_9":
        {
            "x": 1.0985,
            "y": 0,
            "z": 0,
            "x_dot": 0,
            "y_dot": -0.33954894272782,
            "z_dot": -0.62424889328524,
            "C": 2.700209074126741,
            "T": 5.782840761052229
        },
        "near_vertical_10":
        {
            "x": 1.0988,
            "y": 0,
            "z": 0,
            "x_dot": 0,
            "y_dot": -0.33658328834202,
            "z_dot": -0.61985568976435,
            "C": 2.70726484604689,
            "T": 5.76713291559381
        },
        "near_vertical_11":
        {
            "x": 1.0991,
            "y": 0,
            "z": 0,
            "x_dot": 0,
            "y_dot": -0.33362964878999,
            "z_dot": -0.61545336308201,
            "C": 2.714271282306455,
            "T": 5.745159635463858
        },
        "near_vertical_12":
        {
            "x": 1.0994,
            "y": 0,
            "z": 0,
            "x_dot": 0,
            "y_dot": -0.33070198179751,
            "z_dot": -0.61105256518402,
            "C": 2.721206079617527,
            "T": 5.735231329232974
        },
        "near_vertical_13":
        {
            "x": 1.0997,
            "y": 0,
            "z": 0,
            "x_dot": 0,
            "y_dot": -0.32778491811248,
            "z_dot": -0.60664736133551,
            "C": 2.728086985281291,
            "T": 5.715980926992431
        },
        "near_vertical_14":
        {
            "x": 1.1,
            "y": 0,
            "z": 0,
            "x_dot": 0,
            "y_dot": -0.3248833393754686,
            "z_dot": -0.6022354356767315,
            "C": 2.734913660415307,
            "T": 5.710179792002889
        },
        "near_vertical_15":
        {
            "x": 1.1003,
            "y": 0,
            "z": 0,
            "x_dot": 0,
            "y_dot": -0.32197509430838,
            "z_dot": -0.59780079290434,
            "C": 2.741719560515614,
            "T": 5.683281760130871
        },
        "near_vertical_16":
        {
            "x": 1.102,
            "y": 0,
            "z": 0,
            "x_dot": 0,
            "y_dot": -0.14217913022369,
            "z_dot": -0.4612602483231,
            "C": 2.967593078193157,
            "T": 4.444388327658307
        },
        "near_vertical_17":
        {
            "x": 1.106,
            "y": 0,
            "z": 0,
            "x_dot": 0,
            "y_dot": -0.15857413497503,
            "z_dot": -0.45104524019606,
            "C": 2.967262516471835,
            "T": 4.444755366832512
        },
        "near_vertical_18":
        {
            "x": 1.11,
            "y": 0,
            "z": 0,
            "x_dot": 0,
            "y_dot": -0.17403191686275,
            "z_dot": -0.44080475267218,
            "C": 2.96708447728358,
            "T": 4.427459633179282
        },
        "near_vertical_19":
        {
            "x": 1.111405,
            "y": 0,
            "z": 0,