{
    "halo":
    {
        "halo_1":
        {
            "x": 1.142261858299413,
            "y": 0,
            "z": -0.1598996256154937,
            "x_dot": 0,
            "y_dot": -0.2225451665236504,
            "z_dot": 0,
            "C": 3.059807196395916,
            "T": 3.145470315362336
        },
        "halo_2":
        {
            "x": 1.158020502197323,
            "y": 0,
            "z": -0.1295203888522515,
            "x_dot": 0,
            "y_dot": -0.210962748961651,
            "z_dot": 0,
            "C": 3.088276645289839,
            "T": 3.261935401356425
        },
        "halo_3":
        {
            "x": 1.163903640902022,
            "y": 0,
            "z": -0.1142905699686164,
            "x_dot": 0,
            "y_dot": -0.2034096099100265,
            "z_dot": 0,
            "C": 3.101133394589874,
            "T": 3.299287419726481
        },
        "halo_4":
        {
            "x": 1.17241782809428,
            "y": 0,
            "z": -0.08458726611264449,
            "x_dot": 0,
            "y_dot": -0.1870972675485918,
            "z_dot": 0,
            "C": 3.122879416605939,
            "T": 3.362799385984083
        },
        "halo_5":
        {
            "x": 1.174748517187807,
            "y": 0,
            "z": -0.07334481901042827,
            "x_dot": 0,
            "y_dot": -0.180838807243874,
            "z_dot": 0,
            "C": 3.129787526372845,
            "T": 3.380116446272957
        },
        "halo_6":
        {
            "x": 1.174485405801615,
            "y": 0,
            "z": -0.0747305941918939,
            "x_dot": 0,
            "y_dot": -0.1816018376338207,
            "z_dot": 0,
            "C": 3.128979039186531,
            "T": 3.379141446990966
        },
        "halo_7":
        {
            "x": 1.179523273252473,
            "y": 0,
            "z": -0.03664790728883335,
            "x_dot": 0,
            "y_dot": -0.1631793608805886,
            "z_dot": 0,
            "C": 3.146311447013247,
            "T": 3.411531732321787
        },
        "halo_8":
        {
            "x": 1.180066045533264,
            "y": 0,
            "z": -0.0287826853630177,
            "x_dot": 0,
            "y_dot": -0.1604821162900705,
            "z_dot": 0,
            "C": 3.148514872436161,
            "T": 3.441746362807434
        },
        "halo_9":
        {
            "x": 1.180614464426704,
            "y": 0,
            "z": -0.01698561329777701,
            "x_dot": 0,
            "y_dot": -0.1575073230995181,
            "z_dot": 0,
            "C": 3.150856037437856,
            "T": 3.431182940030926
        }
    },
    "near_vertical":
        {
        "near_vertical_1": 
        {
            "x": 1.0608,
            "y": 0.0,
            "z": 0.0,
            "x_dot": 0.0,
            "y_dot": -2.1006999999999998,
            "z_dot": 0.082000000000000003
        },
        "near_vertical_2":
        {
            "x": 1.0608,
            "y": 0.0,
            "z": 0.0,
            "x_dot": 0.0,
            "y_dot": -2.0859999999999999,
            "z_dot": 0.192
        },
        "near_vertical_3":
        {
            "x": 1.0609,
            "y": 0.0,
            "z": 0.0,
            "x_dot": 0.0,
            "y_dot": -2.0638999999999998,
            "z_dot": 0.2853
        },
        "near_vertical_4":
        {
            "x": 1.0610999999999999,
            "y": 0.0,
            "z": 0.0,
            "x_dot": 0.0,
            "y_dot": -2.0306000000000002,
            "z_dot": 0.38269999999999998
        },
        "near_vertical_5":
        {
            "x": 1.0612999999999999,
            "y": 0.0,
            "z": 0.0,
            "x_dot": 0.0,
            "y_dot": -1.9891000000000001,
            "z_dot": 0.47399999999999998
        },
        "near_vertical_6":
        {
            "x": 1.0616000000000001,
            "y": 0.0,
            "z": 0.0,
            "x_dot": 0.0,
            "y_dot": -1.9371,
            "z_dot": 0.56340000000000001
        },
        "near_vertical_7":
        {
            "x": 1.0619000000000001,
            "y": 0.0,
            "z": 0.0,
            "x_dot": 0.0,
            "y_dot": -1.8721000000000001,
            "z_dot": 0.65249999999999997
        },
        "near_vertical_8":
        {
            "x": 1.0624,
            "y": 0.0,
            "z": 0.0,
            "x_dot": 0.0,
            "y_dot": -1.8,
            "z_dot": 0.73209999999999997
        },
        "near_vertical_9": {
            "x": 1.0629,
            "y": 0.0,
            "z": 0.0,
            "x_dot": 0.0,
            "y_dot": -1.7198,
            "z_dot": 0.80379999999999996
        },
        "near_vertical_10": 
        {
            "x": 1.0636000000000001,
            "y": 0.0,
            "z": 0.0,
            "x_dot": 0.0,
            "y_dot": -1.6307,
            "z_dot": 0.86770000000000003
        },
        "near_vertical_11": 
        {
            "x": 1.0644,
            "y": 0.0,
            "z": 0.0,
            "x_dot": 0.0,
            "y_dot": -1.5317000000000001,
            "z_dot": 0.9234},
        "near_vertical_12": {
            "x": 1.0653999999999999,
            "y": 0.0,
            "z": 0.0,
            "x_dot": 0.0,
            "y_dot": -1.4217,
            "z_dot": 0.96940000000000004
        },
        "near_vertical_13":
        {
            "x": 1.0665,
            "y": 0.0,
            "z": 0.0,
            "x_dot": 0.0,
            "y_dot": -1.3117000000000001,
            "z_dot": 1.0008999999999999
        },
        "near_vertical_14":
        {
            "x": 1.0679000000000001,
            "y": 0.0,
            "z": 0.0,
            "x_dot": 0.0,
            "y_dot": -1.2017,
            "z_dot": 1.0192000000000001
        },
        "near_vertical_15":
        {
            "x": 1.0693999999999999,
            "y": 0.0,
            "z": 0.0,
            "x_dot": 0.0,
            "y_dot": -1.0916999999999999,
            "z_dot": 1.0247999999999999
        },
        "near_vertical_16":
        {
            "x": 1.0712999999999999,
            "y": 0.0,
            "z": 0.0,
            "x_dot": 0.0,
            "y_dot": -0.98170000000000002,
            "z_dot": 1.0179},
        "near_vertical_17":
        {
            "x": 1.0734999999999999,
            "y": 0.0,
            "z": 0.0,
            "x_dot": 0.0,
            "y_dot": -0.87170000000000003,
            "z_dot": 0.99780000000000002
        },
        "near_vertical_18":
        {
            "x": 1.0762,
            "y": 0.0,
            "z": 0.0,
            "x_dot": 0.0,
            "y_dot": -0.76170000000000004,
            "z_dot": 0.96350000000000002
        },
        "near_vertical_19":
        {
            "x": 1.0795999999999999,
            "y": 0.0,
            "z": 0.0,
            "x_dot": 0.0,
            "y_dot": -0.65169999999999995,
            "z_dot": 0.91279999999999994
        },
        "near_vertical_20":
        {
            "x": 1.0842000000000001,
            "y": 0.0,
            "z": 0.0,
            "x_dot": 0.0,
            "y_dot": -0.54169999999999996,
            "z_dot": 0.84150000000000003
        },
        "near_vertical_21":
        {
            "x": 1.0906,
            "y": 0.0,
            "z": 0.0,
            "x_dot": 0.0,
            "y_dot": -0.43169999999999997,
            "z_dot": 0.74160000000000004
        },
        "near_vertical_22":
        {
            "x": 1.1000000000000001,
            "y": 0.0,
            "z": 0.0,
            "x_dot": 0.0,
            "y_dot": -0.32488333937546859,
            "z_dot": -0.60223543567673155
        },
        "near_vertical_23":
        {
            "x": 1.1003000000000001,
            "y": 0.0,
            "z": 0.0,
            "x_dot": 0.0,
            "y_dot": -0.32169999999999999,
            "z_dot": 0.59730000000000005
        },