{
    "halo":
    {
        "halo_1":
        {
            "x": 1.142261858299413,
            "y": 0,
            "z": -0.1598996256154937,
            "x_dot": 0,
            "y_dot": -0.2225451665236504,
            "z_dot": 0,
            "C": 3.059807196395916,
            "T": 3.145470315362336
        },
        "halo_2":
        {
            "x": 1.158020502197323,
            "y": 0,
            "z": -0.1295203888522515,
            "x_dot": 0,
            "y_dot": -0.210962748961651,
            "z_dot": 0,
            "C": 3.088276645289839,
            "T": 3.261935401356425
        },
        "halo_3":
        {
            "x": 1.163903640902022,
            "y": 0,
            "z": -0.1142905699686164,
            "x_dot": 0,
            "y_dot": -0.2034096099100265,
            "z_dot": 0,
            "C": 3.101133394589874,
            "T": 3.299287419726481
        },
        "halo_4":
        {
            "x": 1.17241782809428,
            "y": 0,
            "z": -0.08458726611264449,
            "x_dot": 0,
            "y_dot": -0.1870972675485918,
            "z_dot": 0,
            "C": 3.122879416605939,
            "T": 3.362799385984083
        },
        "halo_5":
        {
            "x": 1.174748517187807,
            "y": 0,
            "z": -0.07334481901042827,
            "x_dot": 0,
            "y_dot": -0.180838807243874,
            "z_dot": 0,
            "C": 3.129787526372845,
            "T": 3.380116446272957
        },
        "halo_6":
        {
            "x": 1.174485405801615,
            "y": 0,
            "z": -0.0747305941918939,
            "x_dot": 0,
            "y_dot": -0.1816018376338207,
            "z_dot": 0,
            "C": 3.128979039186531,
            "T": 3.379141446990966
        },
        "halo_7":
        {
            "x": 1.179523273252473,
            "y": 0,
            "z": -0.03664790728883335,
            "x_dot": 0,
            "y_dot": -0.1631793608805886,
            "z_dot": 0,
            "C": 3.146311447013247,
            "T": 3.411531732321787
        },
        "halo_8":
        {
            "x": 1.180066045533264,
            "y": 0,
            "z": -0.0287826853630177,
            "x_dot": 0,
            "y_dot": -0.1604821162900705,
            "z_dot": 0,
            "C": 3.148514872436161,
            "T": 3.441746362807434
        },
        "halo_9":
        {
            "x": 1.180614464426704,
            "y": 0,
            "z": -0.01698561329777701,
            "x_dot": 0,
            "y_dot": -0.1575073230995181,
            "z_dot": 0,
            "C": 3.150856037437856,
            "T": 3.431182940030926
        }
    }
}
